1,1000000001,uA000001,pX000001!
2,1000000002,uA000002,pX000002!
3,1000000003,uA000003,pX000003!
4,1000000004,uA000004,pX000004!
5,1000000005,uA000005,pX000005!
6,1000000006,uA000006,pX000006!
7,1000000007,uA000007,pX000007!
8,1000000008,uA000008,pX000008!
9,1000000009,uA000009,pX000009!
10,1000000010,uA000010,pX000010!
11,1000000011,uA000011,pX000011!
12,1000000012,uA000012,pX000012!
13,1000000013,uA000013,pX000013!
14,1000000014,uA000014,pX000014!
15,1000000015,uA000015,pX000015!
16,1000000016,uA000016,pX000016!
17,1000000017,uA000017,pX000017!
18,1000000018,uA000018,pX000018!
19,1000000019,uA000019,pX000019!
20,1000000020,uA000020,pX000020!
21,1000000021,uA000021,pX000021!
22,1000000022,uA000022,pX000022!
23,1000000023,uA000023,pX000023!
24,1000000024,uA000024,pX000024!
25,1000000025,uA000025,pX000025!
26,1000000026,uA000026,pX000026!
27,1000000027,uA000027,pX000027!
28,1000000028,uA000028,pX000028!
29,1000000029,uA000029,pX000029!
30,1000000030,uA000030,pX000030!
31,1000000031,uA000031,pX000031!
32,1000000032,uA000032,pX000032!
33,1000000033,uA000033,pX000033!
34,1000000034,uA000034,pX000034!
35,1000000035,uA000035,pX000035!
36,1000000036,uA000036,pX000036!
37,1000000037,uA000037,pX000037!
38,1000000038,uA000038,pX000038!
39,1000000039,uA000039,pX000039!
40,1000000040,uA000040,pX000040!
41,1000000041,uA000041,pX000041!
42,1000000042,uA000042,pX000042!
43,1000000043,uA000043,pX000043!
44,1000000044,uA000044,pX000044!
45,1000000045,uA000045,pX000045!
46,1000000046,uA000046,pX000046!
47,1000000047,uA000047,pX000047!
48,1000000048,uA000048,pX000048!
49,1000000049,uA000049,pX000049!
50,1000000050,uA000050,pX000050!
51,1000000051,uA000051,pX000051!
52,1000000052,uA000052,pX000052!
53,1000000053,uA000053,pX000053!
54,1000000054,uA000054,pX000054!
55,1000000055,uA000055,pX000055!
56,1000000056,uA000056,pX000056!
57,1000000057,uA000057,pX000057!
58,1000000058,uA000058,pX000058!
59,1000000059,uA000059,pX000059!
60,1000000060,uA000060,pX000060!
61,1000000061,uA000061,pX000061!
62,1000000062,uA000062,pX000062!
63,1000000063,uA000063,pX000063!
64,1000000064,uA000064,pX000064!
65,1000000065,uA000065,pX000065!
66,1000000066,uA000066,pX000066!
67,1000000067,uA000067,pX000067!
68,1000000068,uA000068,pX000068!
69,1000000069,uA000069,pX000069!
70,1000000070,uA000070,pX000070!
71,1000000071,uA000071,pX000071!
72,1000000072,uA000072,pX000072!
73,1000000073,uA000073,pX000073!
74,1000000074,uA000074,pX000074!
75,1000000075,uA000075,pX000075!
76,1000000076,uA000076,pX000076!
77,1000000077,uA000077,pX000077!
78,1000000078,uA000078,pX000078!
79,1000000079,uA000079,pX000079!
80,1000000080,uA000080,pX000080!
81,1000000081,uA000081,pX000081!
82,1000000082,uA000082,pX000082!
83,1000000083,uA000083,pX000083!
84,1000000084,uA000084,pX000084!
85,1000000085,uA000085,pX000085!
86,1000000086,uA000086,pX000086!
87,1000000087,uA000087,pX000087!
88,1000000088,uA000088,pX000088!
89,1000000089,uA000089,pX000089!
90,1000000090,uA000090,pX000090!
91,1000000091,uA000091,pX000091!
92,1000000092,uA000092,pX000092!
93,1000000093,uA000093,pX000093!
94,1000000094,uA000094,pX000094!
95,1000000095,uA000095,pX000095!
96,1000000096,uA000096,pX000096!
97,1000000097,uA000097,pX000097!
98,1000000098,uA000098,pX000098!
99,1000000099,uA000099,newpassword
100,1000000100,uA000100,pX000100!
101,1000000101,uA000101,pX000101!
102,1000000102,uA000102,pX000102!
103,1000000103,uA000103,pX000103!
104,1000000104,uA000104,pX000104!
105,1000000105,uA000105,pX000105!
106,1000000106,uA000106,pX000106!
107,1000000107,uA000107,pX000107!
108,1000000108,uA000108,pX000108!
109,1000000109,uA000109,pX000109!
110,1000000110,uA000110,pX000110!
111,1000000111,uA000111,pX000111!
112,1000000112,uA000112,pX000112!
113,1000000113,uA000113,pX000113!
114,1000000114,uA000114,pX000114!
115,1000000115,uA000115,pX000115!
116,1000000116,uA000116,pX000116!
117,1000000117,uA000117,pX000117!
118,1000000118,uA000118,pX000118!
119,1000000119,uA000119,pX000119!
120,1000000120,uA000120,pX000120!
121,1000000121,uA000121,pX000121!
122,1000000122,uA000122,pX000122!
123,1000000123,uA000123,pX000123!
124,1000000124,uA000124,pX000124!
125,1000000125,uA000125,pX000125!
126,1000000126,uA000126,pX000126!
127,1000000127,uA000127,pX000127!
128,1000000128,uA000128,pX000128!
129,1000000129,uA000129,pX000129!
130,1000000130,uA000130,pX000130!
131,1000000131,uA000131,pX000131!
132,1000000132,uA000132,pX000132!
133,1000000133,uA000133,pX000133!
134,1000000134,uA000134,pX000134!
135,1000000135,uA000135,pX000135!
136,1000000136,uA000136,pX000136!
137,1000000137,uA000137,pX000137!
138,1000000138,uA000138,pX000138!
139,1000000139,uA000139,pX000139!
140,1000000140,uA000140,pX000140!
141,1000000141,uA000141,pX000141!
142,1000000142,uA000142,pX000142!
143,1000000143,uA000143,pX000143!
144,1000000144,uA000144,pX000144!
145,1000000145,uA000145,pX000145!
146,1000000146,uA000146,pX000146!
147,1000000147,uA000147,pX000147!
148,1000000148,uA000148,pX000148!
149,1000000149,uA000149,pX000149!
150,1000000150,uA000150,pX000150!
151,1000000151,uA000151,pX000151!
152,1000000152,uA000152,pX000152!
153,1000000153,uA000153,pX000153!
154,1000000154,uA000154,pX000154!
155,1000000155,uA000155,pX000155!
156,1000000156,uA000156,pX000156!
157,1000000157,uA000157,pX000157!
158,1000000158,uA000158,pX000158!
159,1000000159,uA000159,pX000159!
160,1000000160,uA000160,pX000160!
161,1000000161,uA000161,pX000161!
162,1000000162,uA000162,pX000162!
163,1000000163,uA000163,pX000163!
164,1000000164,uA000164,pX000164!
165,1000000165,uA000165,pX000165!
166,1000000166,uA000166,pX000166!
167,1000000167,uA000167,pX000167!
168,1000000168,uA000168,pX000168!
169,1000000169,uA000169,pX000169!
170,1000000170,uA000170,pX000170!
171,1000000171,uA000171,pX000171!
172,1000000172,uA000172,pX000172!
173,1000000173,uA000173,pX000173!
174,1000000174,uA000174,pX000174!
175,1000000175,uA000175,pX000175!
176,1000000176,uA000176,pX000176!
177,1000000177,uA000177,pX000177!
178,1000000178,uA000178,pX000178!
179,1000000179,uA000179,pX000179!
180,1000000180,uA000180,pX000180!
181,1000000181,uA000181,pX000181!
182,1000000182,uA000182,pX000182!
183,1000000183,uA000183,pX000183!
184,1000000184,uA000184,pX000184!
185,1000000185,uA000185,pX000185!
186,1000000186,uA000186,pX000186!
187,1000000187,uA000187,pX000187!
188,1000000188,uA000188,pX000188!
189,1000000189,uA000189,pX000189!
190,1000000190,uA000190,pX000190!
191,1000000191,uA000191,pX000191!
192,1000000192,uA000192,pX000192!
193,1000000193,uA000193,pX000193!
194,1000000194,uA000194,pX000194!
195,1000000195,uA000195,pX000195!
196,1000000196,uA000196,pX000196!
197,1000000197,uA000197,pX000197!
198,1000000198,uA000198,pX000198!
199,1000000199,uA000199,pX000199!
200,1000000200,uA000200,pX000200!
201,1000000201,uA000201,pX000201!
202,1000000202,uA000202,pX000202!
203,1000000203,uA000203,pX000203!
204,1000000204,uA000204,pX000204!
205,1000000205,uA000205,pX000205!
206,1000000206,uA000206,pX000206!
207,1000000207,uA000207,pX000207!
208,1000000208,uA000208,pX000208!
209,1000000209,uA000209,pX000209!
210,1000000210,uA000210,pX000210!
211,1000000211,uA000211,pX000211!
212,1000000212,uA000212,pX000212!
213,1000000213,uA000213,pX000213!
214,1000000214,uA000214,pX000214!
215,1000000215,uA000215,pX000215!
216,1000000216,uA000216,pX000216!
217,1000000217,uA000217,pX000217!
218,1000000218,uA000218,pX000218!
219,1000000219,uA000219,pX000219!
220,1000000220,uA000220,pX000220!
221,1000000221,uA000221,pX000221!
222,1000000222,uA000222,pX000222!
223,1000000223,uA000223,pX000223!
224,1000000224,uA000224,pX000224!
225,1000000225,uA000225,pX000225!
226,1000000226,uA000226,pX000226!
227,1000000227,uA000227,pX000227!
228,1000000228,uA000228,pX000228!
229,1000000229,uA000229,pX000229!
230,1000000230,uA000230,pX000230!
231,1000000231,uA000231,pX000231!
232,1000000232,uA000232,pX000232!
233,1000000233,uA000233,pX000233!
234,1000000234,uA000234,pX000234!
235,1000000235,uA000235,pX000235!
236,1000000236,uA000236,pX000236!
237,1000000237,uA000237,pX000237!
238,1000000238,uA000238,pX000238!
239,1000000239,uA000239,pX000239!
240,1000000240,uA000240,pX000240!
241,1000000241,uA000241,pX000241!
242,1000000242,uA000242,pX000242!
243,1000000243,uA000243,pX000243!
244,1000000244,uA000244,pX000244!
245,1000000245,uA000245,pX000245!
246,1000000246,uA000246,pX000246!
247,1000000247,uA000247,pX000247!
248,1000000248,uA000248,pX000248!
249,1000000249,uA000249,pX000249!
250,1000000250,uA000250,pX000250!
251,1000000251,uA000251,pX000251!
252,1000000252,uA000252,pX000252!
253,1000000253,uA000253,pX000253!
254,1000000254,uA000254,pX000254!
255,1000000255,uA000255,pX000255!
256,1000000256,uA000256,pX000256!
257,1000000257,uA000257,pX000257!
258,1000000258,uA000258,pX000258!
259,1000000259,uA000259,pX000259!
260,1000000260,uA000260,pX000260!
261,1000000261,uA000261,pX000261!
262,1000000262,uA000262,pX000262!
263,1000000263,uA000263,pX000263!
264,1000000264,uA000264,pX000264!
265,1000000265,uA000265,pX000265!
266,1000000266,uA000266,pX000266!
267,1000000267,uA000267,pX000267!
268,1000000268,uA000268,pX000268!
269,1000000269,uA000269,pX000269!
270,1000000270,uA000270,pX000270!
271,1000000271,uA000271,pX000271!
272,1000000272,uA000272,pX000272!
273,1000000273,uA000273,pX000273!
274,1000000274,uA000274,pX000274!
275,1000000275,uA000275,pX000275!
276,1000000276,uA000276,pX000276!
277,1000000277,uA000277,pX000277!
278,1000000278,uA000278,pX000278!
279,1000000279,uA000279,pX000279!
280,1000000280,uA000280,pX000280!
281,1000000281,uA000281,pX000281!
282,1000000282,uA000282,pX000282!
283,1000000283,uA000283,pX000283!
284,1000000284,uA000284,pX000284!
285,1000000285,uA000285,pX000285!
286,1000000286,uA000286,pX000286!
287,1000000287,uA000287,pX000287!
288,1000000288,uA000288,pX000288!
289,1000000289,uA000289,pX000289!
290,1000000290,uA000290,pX000290!
291,1000000291,uA000291,pX000291!
292,1000000292,uA000292,pX000292!
293,1000000293,uA000293,pX000293!
294,1000000294,uA000294,pX000294!
295,1000000295,uA000295,pX000295!
296,1000000296,uA000296,pX000296!
297,1000000297,uA000297,pX000297!
298,1000000298,uA000298,pX000298!
299,1000000299,uA000299,pX000299!
300,1000000300,uA000300,pX000300!
301,1000000301,uA000301,pX000301!
302,1000000302,uA000302,pX000302!
303,1000000303,uA000303,pX000303!
304,1000000304,uA000304,pX000304!
305,1000000305,uA000305,pX000305!
306,1000000306,uA000306,pX000306!
307,1000000307,uA000307,pX000307!
308,1000000308,uA000308,pX000308!
309,1000000309,uA000309,pX000309!
310,1000000310,uA000310,pX000310!
311,1000000311,uA000311,pX000311!
312,1000000312,uA000312,pX000312!
313,1000000313,uA000313,pX000313!
314,1000000314,uA000314,pX000314!
315,1000000315,uA000315,pX000315!
316,1000000316,uA000316,pX000316!
317,1000000317,uA000317,pX000317!
318,1000000318,uA000318,pX000318!
319,1000000319,uA000319,pX000319!
320,1000000320,uA000320,pX000320!
321,1000000321,uA000321,pX000321!
322,1000000322,uA000322,pX000322!
323,1000000323,uA000323,pX000323!
324,1000000324,uA000324,pX000324!
325,1000000325,uA000325,pX000325!
326,1000000326,uA000326,pX000326!
327,1000000327,uA000327,pX000327!
328,1000000328,uA000328,pX000328!
329,1000000329,uA000329,pX000329!
330,1000000330,uA000330,pX000330!
331,1000000331,uA000331,pX000331!
332,1000000332,uA000332,pX000332!
333,1000000333,uA000333,pX000333!
334,1000000334,uA000334,pX000334!
335,1000000335,uA000335,pX000335!
336,1000000336,uA000336,pX000336!
337,1000000337,uA000337,pX000337!
338,1000000338,uA000338,pX000338!
339,1000000339,uA000339,pX000339!
340,1000000340,uA000340,pX000340!
341,1000000341,uA000341,pX000341!
342,1000000342,uA000342,pX000342!
343,1000000343,uA000343,pX000343!
344,1000000344,uA000344,pX000344!
345,1000000345,uA000345,pX000345!
346,1000000346,uA000346,pX000346!
347,1000000347,uA000347,pX000347!
348,1000000348,uA000348,pX000348!
349,1000000349,uA000349,pX000349!
350,1000000350,uA000350,pX000350!
351,1000000351,uA000351,pX000351!
352,1000000352,uA000352,pX000352!
353,1000000353,uA000353,pX000353!
354,1000000354,uA000354,pX000354!
355,1000000355,uA000355,pX000355!
356,1000000356,uA000356,pX000356!
357,1000000357,uA000357,pX000357!
358,1000000358,uA000358,pX000358!
359,1000000359,uA000359,pX000359!
360,1000000360,uA000360,pX000360!
361,1000000361,uA000361,pX000361!
362,1000000362,uA000362,pX000362!
363,1000000363,uA000363,pX000363!
364,1000000364,uA000364,pX000364!
365,1000000365,uA000365,pX000365!
366,1000000366,uA000366,pX000366!
367,1000000367,uA000367,pX000367!
368,1000000368,uA000368,pX000368!
369,1000000369,uA000369,pX000369!
370,1000000370,uA000370,pX000370!
371,1000000371,uA000371,pX000371!
372,1000000372,uA000372,pX000372!
373,1000000373,uA000373,pX000373!
374,1000000374,uA000374,pX000374!
375,1000000375,uA000375,pX000375!
376,1000000376,uA000376,pX000376!
377,1000000377,uA000377,pX000377!
378,1000000378,uA000378,pX000378!
379,1000000379,uA000379,pX000379!
380,1000000380,uA000380,pX000380!
381,1000000381,uA000381,pX000381!
382,1000000382,uA000382,pX000382!
383,1000000383,uA000383,pX000383!
384,1000000384,uA000384,pX000384!
385,1000000385,uA000385,pX000385!
386,1000000386,uA000386,pX000386!
387,1000000387,uA000387,pX000387!
388,1000000388,uA000388,pX000388!
389,1000000389,uA000389,pX000389!
390,1000000390,uA000390,pX000390!
391,1000000391,uA000391,pX000391!
392,1000000392,uA000392,pX000392!
393,1000000393,uA000393,pX000393!
394,1000000394,uA000394,pX000394!
395,1000000395,uA000395,pX000395!
396,1000000396,uA000396,pX000396!
397,1000000397,uA000397,pX000397!
398,1000000398,uA000398,pX000398!
399,1000000399,uA000399,pX000399!
400,1000000400,uA000400,pX000400!
401,1000000401,uA000401,pX000401!
402,1000000402,uA000402,pX000402!
403,1000000403,uA000403,pX000403!
404,1000000404,uA000404,pX000404!
405,1000000405,uA000405,pX000405!
406,1000000406,uA000406,pX000406!
407,1000000407,uA000407,pX000407!
408,1000000408,uA000408,pX000408!
409,1000000409,uA000409,pX000409!
410,1000000410,uA000410,pX000410!
411,1000000411,uA000411,pX000411!
412,1000000412,uA000412,pX000412!
413,1000000413,uA000413,pX000413!
414,1000000414,uA000414,pX000414!
415,1000000415,uA000415,pX000415!
416,1000000416,uA000416,pX000416!
417,1000000417,uA000417,pX000417!
418,1000000418,uA000418,pX000418!
419,1000000419,uA000419,pX000419!
420,1000000420,uA000420,pX000420!
421,1000000421,uA000421,pX000421!
422,1000000422,uA000422,pX000422!
423,1000000423,uA000423,pX000423!
424,1000000424,uA000424,pX000424!
425,1000000425,uA000425,pX000425!
426,1000000426,uA000426,pX000426!
427,1000000427,uA000427,pX000427!
428,1000000428,uA000428,pX000428!
429,1000000429,uA000429,pX000429!
430,1000000430,uA000430,pX000430!
431,1000000431,uA000431,pX000431!
432,1000000432,uA000432,pX000432!
433,1000000433,uA000433,pX000433!
434,1000000434,uA000434,pX000434!
435,1000000435,uA000435,pX000435!
436,1000000436,uA000436,pX000436!
437,1000000437,uA000437,pX000437!
438,1000000438,uA000438,pX000438!
439,1000000439,uA000439,pX000439!
440,1000000440,uA000440,pX000440!
441,1000000441,uA000441,pX000441!
442,1000000442,uA000442,pX000442!
443,1000000443,uA000443,pX000443!
444,1000000444,uA000444,pX000444!
445,1000000445,uA000445,pX000445!
446,1000000446,uA000446,pX000446!
447,1000000447,uA000447,pX000447!
448,1000000448,uA000448,pX000448!
449,1000000449,uA000449,pX000449!
450,1000000450,uA000450,pX000450!
451,1000000451,uA000451,pX000451!
452,1000000452,uA000452,pX000452!
453,1000000453,uA000453,pX000453!
454,1000000454,uA000454,pX000454!
455,1000000455,uA000455,pX000455!
456,1000000456,uA000456,pX000456!
457,1000000457,uA000457,pX000457!
458,1000000458,uA000458,pX000458!
459,1000000459,uA000459,pX000459!
460,1000000460,uA000460,pX000460!
461,1000000461,uA000461,pX000461!
462,1000000462,uA000462,pX000462!
463,1000000463,uA000463,pX000463!
464,1000000464,uA000464,pX000464!
465,1000000465,uA000465,pX000465!
466,1000000466,uA000466,pX000466!
467,1000000467,uA000467,pX000467!
468,1000000468,uA000468,pX000468!
469,1000000469,uA000469,pX000469!
470,1000000470,uA000470,pX000470!
471,1000000471,uA000471,pX000471!
472,1000000472,uA000472,pX000472!
473,1000000473,uA000473,pX000473!
474,1000000474,uA000474,pX000474!
475,1000000475,uA000475,pX000475!
476,1000000476,uA000476,pX000476!
477,1000000477,uA000477,pX000477!
478,1000000478,uA000478,pX000478!
479,1000000479,uA000479,pX000479!
480,1000000480,uA000480,pX000480!
481,1000000481,uA000481,pX000481!
482,1000000482,uA000482,pX000482!
483,1000000483,uA000483,pX000483!
484,1000000484,uA000484,pX000484!
485,1000000485,uA000485,pX000485!
486,1000000486,uA000486,pX000486!
487,1000000487,uA000487,pX000487!
488,1000000488,uA000488,pX000488!
489,1000000489,uA000489,pX000489!
490,1000000490,uA000490,pX000490!
491,1000000491,uA000491,pX000491!
492,1000000492,uA000492,pX000492!
493,1000000493,uA000493,pX000493!
494,1000000494,uA000494,pX000494!
495,1000000495,uA000495,pX000495!
496,1000000496,uA000496,pX000496!
497,1000000497,uA000497,pX000497!
498,1000000498,uA000498,pX000498!
499,1000000499,uA000499,pX000499!
500,1000000500,uA000500,pX000500!
501,1000000501,uA000501,pX000501!
502,1000000502,uA000502,pX000502!
503,1000000503,uA000503,pX000503!
504,1000000504,uA000504,pX000504!
505,1000000505,uA000505,pX000505!
506,1000000506,uA000506,pX000506!
507,1000000507,uA000507,pX000507!
508,1000000508,uA000508,pX000508!
509,1000000509,uA000509,pX000509!
510,1000000510,uA000510,pX000510!
511,1000000511,uA000511,pX000511!
512,1000000512,uA000512,pX000512!
513,1000000513,uA000513,pX000513!
514,1000000514,uA000514,pX000514!
515,1000000515,uA000515,pX000515!
516,1000000516,uA000516,pX000516!
517,1000000517,uA000517,pX000517!
518,1000000518,uA000518,pX000518!
519,1000000519,uA000519,pX000519!
520,1000000520,uA000520,pX000520!
521,1000000521,uA000521,pX000521!
522,1000000522,uA000522,pX000522!
523,1000000523,uA000523,pX000523!
524,1000000524,uA000524,pX000524!
525,1000000525,uA000525,pX000525!
526,1000000526,uA000526,pX000526!
527,1000000527,uA000527,pX000527!
528,1000000528,uA000528,pX000528!
529,1000000529,uA000529,pX000529!
530,1000000530,uA000530,pX000530!
531,1000000531,uA000531,pX000531!
532,1000000532,uA000532,pX000532!
533,1000000533,uA000533,pX000533!
534,1000000534,uA000534,pX000534!
535,1000000535,uA000535,pX000535!
536,1000000536,uA000536,pX000536!
537,1000000537,uA000537,pX000537!
538,1000000538,uA000538,pX000538!
539,1000000539,uA000539,pX000539!
540,1000000540,uA000540,pX000540!
541,1000000541,uA000541,pX000541!
542,1000000542,uA000542,pX000542!
543,1000000543,uA000543,pX000543!
544,1000000544,uA000544,pX000544!
545,1000000545,uA000545,pX000545!
546,1000000546,uA000546,pX000546!
547,1000000547,uA000547,pX000547!
548,1000000548,uA000548,pX000548!
549,1000000549,uA000549,pX000549!
550,1000000550,uA000550,pX000550!
551,1000000551,uA000551,pX000551!
552,1000000552,uA000552,pX000552!
553,1000000553,uA000553,pX000553!
554,1000000554,uA000554,pX000554!
555,1000000555,uA000555,pX000555!
556,1000000556,uA000556,pX000556!
557,1000000557,uA000557,pX000557!
558,1000000558,uA000558,pX000558!
559,1000000559,uA000559,pX000559!
560,1000000560,uA000560,pX000560!
561,1000000561,uA000561,pX000561!
562,1000000562,uA000562,pX000562!
563,1000000563,uA000563,pX000563!
564,1000000564,uA000564,pX000564!
565,1000000565,uA000565,pX000565!
566,1000000566,uA000566,pX000566!
567,1000000567,uA000567,pX000567!
568,1000000568,uA000568,pX000568!
569,1000000569,uA000569,pX000569!
570,1000000570,uA000570,pX000570!
571,1000000571,uA000571,pX000571!
572,1000000572,uA000572,pX000572!
573,1000000573,uA000573,pX000573!
574,1000000574,uA000574,pX000574!
575,1000000575,uA000575,pX000575!
576,1000000576,uA000576,pX000576!
577,1000000577,uA000577,pX000577!
578,1000000578,uA000578,pX000578!
579,1000000579,uA000579,pX000579!
580,1000000580,uA000580,pX000580!
581,1000000581,uA000581,pX000581!
582,1000000582,uA000582,pX000582!
583,1000000583,uA000583,pX000583!
584,1000000584,uA000584,pX000584!
585,1000000585,uA000585,pX000585!
586,1000000586,uA000586,pX000586!
587,1000000587,uA000587,pX000587!
588,1000000588,uA000588,pX000588!
589,1000000589,uA000589,pX000589!
590,1000000590,uA000590,pX000590!
591,1000000591,uA000591,pX000591!
592,1000000592,uA000592,pX000592!
593,1000000593,uA000593,pX000593!
594,1000000594,uA000594,pX000594!
595,1000000595,uA000595,pX000595!
596,1000000596,uA000596,pX000596!
597,1000000597,uA000597,pX000597!
598,1000000598,uA000598,pX000598!
599,1000000599,uA000599,pX000599!
600,1000000600,uA000600,pX000600!
601,1000000601,uA000601,pX000601!
602,1000000602,uA000602,pX000602!
603,1000000603,uA000603,pX000603!
604,1000000604,uA000604,pX000604!
605,1000000605,uA000605,pX000605!
606,1000000606,uA000606,pX000606!
607,1000000607,uA000607,pX000607!
608,1000000608,uA000608,pX000608!
609,1000000609,uA000609,pX000609!
610,1000000610,uA000610,pX000610!
611,1000000611,uA000611,pX000611!
612,1000000612,uA000612,pX000612!
613,1000000613,uA000613,pX000613!
614,1000000614,uA000614,pX000614!
615,1000000615,uA000615,pX000615!
616,1000000616,uA000616,pX000616!
617,1000000617,uA000617,pX000617!
618,1000000618,uA000618,pX000618!
619,1000000619,uA000619,pX000619!
620,1000000620,uA000620,pX000620!
621,1000000621,uA000621,pX000621!
622,1000000622,uA000622,pX000622!
623,1000000623,uA000623,pX000623!
624,1000000624,uA000624,pX000624!
625,1000000625,uA000625,pX000625!
626,1000000626,uA000626,pX000626!
627,1000000627,uA000627,pX000627!
628,1000000628,uA000628,pX000628!
629,1000000629,uA000629,pX000629!
630,1000000630,uA000630,pX000630!
631,1000000631,uA000631,pX000631!
632,1000000632,uA000632,pX000632!
633,1000000633,uA000633,pX000633!
634,1000000634,uA000634,pX000634!
635,1000000635,uA000635,pX000635!
636,1000000636,uA000636,pX000636!
637,1000000637,uA000637,pX000637!
638,1000000638,uA000638,pX000638!
639,1000000639,uA000639,pX000639!
640,1000000640,uA000640,pX000640!
641,1000000641,uA000641,pX000641!
642,1000000642,uA000642,pX000642!
643,1000000643,uA000643,pX000643!
644,1000000644,uA000644,pX000644!
645,1000000645,uA000645,pX000645!
646,1000000646,uA000646,pX000646!
647,1000000647,uA000647,pX000647!
648,1000000648,uA000648,pX000648!
649,1000000649,uA000649,pX000649!
650,1000000650,uA000650,pX000650!
651,1000000651,uA000651,pX000651!
652,1000000652,uA000652,pX000652!
653,1000000653,uA000653,pX000653!
654,1000000654,uA000654,pX000654!
655,1000000655,uA000655,pX000655!
656,1000000656,uA000656,pX000656!
657,1000000657,uA000657,pX000657!
658,1000000658,uA000658,pX000658!
659,1000000659,uA000659,pX000659!
660,1000000660,uA000660,pX000660!
661,1000000661,uA000661,pX000661!
662,1000000662,uA000662,pX000662!
663,1000000663,uA000663,pX000663!
664,1000000664,uA000664,pX000664!
665,1000000665,uA000665,pX000665!
666,1000000666,uA000666,pX000666!
667,1000000667,uA000667,pX000667!
668,1000000668,uA000668,pX000668!
669,1000000669,uA000669,pX000669!
670,1000000670,uA000670,pX000670!
671,1000000671,uA000671,pX000671!
672,1000000672,uA000672,pX000672!
673,1000000673,uA000673,pX000673!
674,1000000674,uA000674,pX000674!
675,1000000675,uA000675,pX000675!
676,1000000676,uA000676,pX000676!
677,1000000677,uA000677,pX000677!
678,1000000678,uA000678,pX000678!
679,1000000679,uA000679,pX000679!
680,1000000680,uA000680,pX000680!
681,1000000681,uA000681,pX000681!
682,1000000682,uA000682,pX000682!
683,1000000683,uA000683,pX000683!
684,1000000684,uA000684,pX000684!
685,1000000685,uA000685,pX000685!
686,1000000686,uA000686,pX000686!
687,1000000687,uA000687,pX000687!
688,1000000688,uA000688,pX000688!
689,1000000689,uA000689,pX000689!
690,1000000690,uA000690,pX000690!
691,1000000691,uA000691,pX000691!
692,1000000692,uA000692,pX000692!
693,1000000693,uA000693,pX000693!
694,1000000694,uA000694,pX000694!
695,1000000695,uA000695,pX000695!
696,1000000696,uA000696,pX000696!
697,1000000697,uA000697,pX000697!
698,1000000698,uA000698,pX000698!
699,1000000699,uA000699,pX000699!
700,1000000700,uA000700,pX000700!
701,1000000701,uA000701,pX000701!
702,1000000702,uA000702,pX000702!
703,1000000703,uA000703,pX000703!
704,1000000704,uA000704,pX000704!
705,1000000705,uA000705,pX000705!
706,1000000706,uA000706,pX000706!
707,1000000707,uA000707,pX000707!
708,1000000708,uA000708,pX000708!
709,1000000709,uA000709,pX000709!
710,1000000710,uA000710,pX000710!
711,1000000711,uA000711,pX000711!
712,1000000712,uA000712,pX000712!
713,1000000713,uA000713,pX000713!
714,1000000714,uA000714,pX000714!
715,1000000715,uA000715,pX000715!
716,1000000716,uA000716,pX000716!
717,1000000717,uA000717,pX000717!
718,1000000718,uA000718,pX000718!
719,1000000719,uA000719,pX000719!
720,1000000720,uA000720,pX000720!
721,1000000721,uA000721,pX000721!
722,1000000722,uA000722,pX000722!
723,1000000723,uA000723,pX000723!
724,1000000724,uA000724,pX000724!
725,1000000725,uA000725,pX000725!
726,1000000726,uA000726,pX000726!
727,1000000727,uA000727,pX000727!
728,1000000728,uA000728,pX000728!
729,1000000729,uA000729,pX000729!
730,1000000730,uA000730,pX000730!
731,1000000731,uA000731,pX000731!
732,1000000732,uA000732,pX000732!
733,1000000733,uA000733,pX000733!
734,1000000734,uA000734,pX000734!
735,1000000735,uA000735,pX000735!
736,1000000736,uA000736,pX000736!
737,1000000737,uA000737,pX000737!
738,1000000738,uA000738,pX000738!
739,1000000739,uA000739,pX000739!
740,1000000740,uA000740,pX000740!
741,1000000741,uA000741,pX000741!
742,1000000742,uA000742,pX000742!
743,1000000743,uA000743,pX000743!
744,1000000744,uA000744,pX000744!
745,1000000745,uA000745,pX000745!
746,1000000746,uA000746,pX000746!
747,1000000747,uA000747,pX000747!
748,1000000748,uA000748,pX000748!
749,1000000749,uA000749,pX000749!
750,1000000750,uA000750,pX000750!
751,1000000751,uA000751,pX000751!
752,1000000752,uA000752,pX000752!
753,1000000753,uA000753,pX000753!
754,1000000754,uA000754,pX000754!
755,1000000755,uA000755,pX000755!
756,1000000756,uA000756,pX000756!
757,1000000757,uA000757,pX000757!
758,1000000758,uA000758,pX000758!
759,1000000759,uA000759,pX000759!
760,1000000760,uA000760,pX000760!
761,1000000761,uA000761,pX000761!
762,1000000762,uA000762,pX000762!
763,1000000763,uA000763,pX000763!
764,1000000764,uA000764,pX000764!
765,1000000765,uA000765,pX000765!
766,1000000766,uA000766,pX000766!
767,1000000767,uA000767,pX000767!
768,1000000768,uA000768,pX000768!
769,1000000769,uA000769,pX000769!
770,1000000770,uA000770,pX000770!
771,1000000771,uA000771,pX000771!
772,1000000772,uA000772,pX000772!
773,1000000773,uA000773,pX000773!
774,1000000774,uA000774,pX000774!
775,1000000775,uA000775,pX000775!
776,1000000776,uA000776,pX000776!
777,1000000777,uA000777,pX000777!
778,1000000778,uA000778,pX000778!
779,1000000779,uA000779,pX000779!
780,1000000780,uA000780,pX000780!
781,1000000781,uA000781,pX000781!
782,1000000782,uA000782,pX000782!
783,1000000783,uA000783,pX000783!
784,1000000784,uA000784,pX000784!
785,1000000785,uA000785,pX000785!
786,1000000786,uA000786,pX000786!
787,1000000787,uA000787,pX000787!
788,1000000788,uA000788,pX000788!
789,1000000789,uA000789,pX000789!
790,1000000790,uA000790,pX000790!
791,1000000791,uA000791,pX000791!
792,1000000792,uA000792,pX000792!
793,1000000793,uA000793,pX000793!
794,1000000794,uA000794,pX000794!
795,1000000795,uA000795,pX000795!
796,1000000796,uA000796,pX000796!
797,1000000797,uA000797,pX000797!
798,1000000798,uA000798,pX000798!
799,1000000799,uA000799,pX000799!
800,1000000800,uA000800,pX000800!
801,1000000801,uA000801,pX000801!
802,1000000802,uA000802,pX000802!
803,1000000803,uA000803,pX000803!
804,1000000804,uA000804,pX000804!
805,1000000805,uA000805,pX000805!
806,1000000806,uA000806,pX000806!
807,1000000807,uA000807,pX000807!
808,1000000808,uA000808,pX000808!
809,1000000809,uA000809,pX000809!
810,1000000810,uA000810,pX000810!
811,1000000811,uA000811,pX000811!
812,1000000812,uA000812,pX000812!
813,1000000813,uA000813,pX000813!
814,1000000814,uA000814,pX000814!
815,1000000815,uA000815,pX000815!
816,1000000816,uA000816,pX000816!
817,1000000817,uA000817,pX000817!
818,1000000818,uA000818,pX000818!
819,1000000819,uA000819,pX000819!
820,1000000820,uA000820,pX000820!
821,1000000821,uA000821,pX000821!
822,1000000822,uA000822,pX000822!
823,1000000823,uA000823,pX000823!
824,1000000824,uA000824,pX000824!
825,1000000825,uA000825,pX000825!
826,1000000826,uA000826,pX000826!
827,1000000827,uA000827,pX000827!
828,1000000828,uA000828,pX000828!
829,1000000829,uA000829,pX000829!
830,1000000830,uA000830,pX000830!
831,1000000831,uA000831,pX000831!
832,1000000832,uA000832,pX000832!
833,1000000833,uA000833,pX000833!
834,1000000834,uA000834,pX000834!
835,1000000835,uA000835,pX000835!
836,1000000836,uA000836,pX000836!
837,1000000837,uA000837,pX000837!
838,1000000838,uA000838,pX000838!
839,1000000839,uA000839,pX000839!
840,1000000840,uA000840,pX000840!
841,1000000841,uA000841,pX000841!
842,1000000842,uA000842,pX000842!
843,1000000843,uA000843,pX000843!
844,1000000844,uA000844,pX000844!
845,1000000845,uA000845,pX000845!
846,1000000846,uA000846,pX000846!
847,1000000847,uA000847,pX000847!
848,1000000848,uA000848,pX000848!
849,1000000849,uA000849,pX000849!
850,1000000850,uA000850,pX000850!
851,1000000851,uA000851,pX000851!
852,1000000852,uA000852,pX000852!
853,1000000853,uA000853,pX000853!
854,1000000854,uA000854,pX000854!
855,1000000855,uA000855,pX000855!
856,1000000856,uA000856,pX000856!
857,1000000857,uA000857,pX000857!
858,1000000858,uA000858,pX000858!
859,1000000859,uA000859,pX000859!
860,1000000860,uA000860,pX000860!
861,1000000861,uA000861,pX000861!
862,1000000862,uA000862,pX000862!
863,1000000863,uA000863,pX000863!
864,1000000864,uA000864,pX000864!
865,1000000865,uA000865,pX000865!
866,1000000866,uA000866,pX000866!
867,1000000867,uA000867,pX000867!
868,1000000868,uA000868,pX000868!
869,1000000869,uA000869,pX000869!
870,1000000870,uA000870,pX000870!
871,1000000871,uA000871,pX000871!
872,1000000872,uA000872,pX000872!
873,1000000873,uA000873,pX000873!
874,1000000874,uA000874,pX000874!
875,1000000875,uA000875,pX000875!
876,1000000876,uA000876,pX000876!
877,1000000877,uA000877,pX000877!
878,1000000878,uA000878,pX000878!
879,1000000879,uA000879,pX000879!
880,1000000880,uA000880,pX000880!
881,1000000881,uA000881,pX000881!
882,1000000882,uA000882,pX000882!
883,1000000883,uA000883,pX000883!
884,1000000884,uA000884,pX000884!
885,1000000885,uA000885,pX000885!
886,1000000886,uA000886,pX000886!
887,1000000887,uA000887,pX000887!
888,1000000888,uA000888,pX000888!
889,1000000889,uA000889,pX000889!
890,1000000890,uA000890,pX000890!
891,1000000891,uA000891,pX000891!
892,1000000892,uA000892,pX000892!
893,1000000893,uA000893,pX000893!
894,1000000894,uA000894,pX000894!
895,1000000895,uA000895,pX000895!
896,1000000896,uA000896,pX000896!
897,1000000897,uA000897,pX000897!
898,1000000898,uA000898,pX000898!
899,1000000899,uA000899,pX000899!
900,1000000900,uA000900,pX000900!
901,1000000901,uA000901,pX000901!
902,1000000902,uA000902,pX000902!
903,1000000903,uA000903,pX000903!
904,1000000904,uA000904,pX000904!
905,1000000905,uA000905,pX000905!
906,1000000906,uA000906,pX000906!
907,1000000907,uA000907,pX000907!
908,1000000908,uA000908,pX000908!
909,1000000909,uA000909,pX000909!
910,1000000910,uA000910,pX000910!
911,1000000911,uA000911,pX000911!
912,1000000912,uA000912,pX000912!
913,1000000913,uA000913,pX000913!
914,1000000914,uA000914,pX000914!
915,1000000915,uA000915,pX000915!
916,1000000916,uA000916,pX000916!
917,1000000917,uA000917,pX000917!
918,1000000918,uA000918,pX000918!
919,1000000919,uA000919,pX000919!
920,1000000920,uA000920,pX000920!
921,1000000921,uA000921,pX000921!
922,1000000922,uA000922,pX000922!
923,1000000923,uA000923,pX000923!
924,1000000924,uA000924,pX000924!
925,1000000925,uA000925,pX000925!
926,1000000926,uA000926,pX000926!
927,1000000927,uA000927,pX000927!
928,1000000928,uA000928,pX000928!
929,1000000929,uA000929,pX000929!
930,1000000930,uA000930,pX000930!
931,1000000931,uA000931,pX000931!
932,1000000932,uA000932,pX000932!
933,1000000933,uA000933,pX000933!
934,1000000934,uA000934,pX000934!
935,1000000935,uA000935,pX000935!
936,1000000936,uA000936,pX000936!
937,1000000937,uA000937,pX000937!
938,1000000938,uA000938,pX000938!
939,1000000939,uA000939,pX000939!
940,1000000940,uA000940,pX000940!
941,1000000941,uA000941,pX000941!
942,1000000942,uA000942,pX000942!
943,1000000943,uA000943,pX000943!
944,1000000944,uA000944,pX000944!
945,1000000945,uA000945,pX000945!
946,1000000946,uA000946,pX000946!
947,1000000947,uA000947,pX000947!
948,1000000948,uA000948,pX000948!
949,1000000949,uA000949,pX000949!
950,1000000950,uA000950,pX000950!
951,1000000951,uA000951,pX000951!
952,1000000952,uA000952,pX000952!
953,1000000953,uA000953,pX000953!
954,1000000954,uA000954,pX000954!
955,1000000955,uA000955,pX000955!
956,1000000956,uA000956,pX000956!
957,1000000957,uA000957,pX000957!
958,1000000958,uA000958,pX000958!
959,1000000959,uA000959,pX000959!
960,1000000960,uA000960,pX000960!
961,1000000961,uA000961,pX000961!
962,1000000962,uA000962,pX000962!
963,1000000963,uA000963,pX000963!
964,1000000964,uA000964,pX000964!
965,1000000965,uA000965,pX000965!
966,1000000966,uA000966,pX000966!
967,1000000967,uA000967,pX000967!
968,1000000968,uA000968,pX000968!
969,1000000969,uA000969,pX000969!
970,1000000970,uA000970,pX000970!
971,1000000971,uA000971,pX000971!
972,1000000972,uA000972,pX000972!
973,1000000973,uA000973,pX000973!
974,1000000974,uA000974,pX000974!
975,1000000975,uA000975,pX000975!
976,1000000976,uA000976,pX000976!
977,1000000977,uA000977,pX000977!
978,1000000978,uA000978,pX000978!
979,1000000979,uA000979,pX000979!
980,1000000980,uA000980,pX000980!
981,1000000981,uA000981,pX000981!
982,1000000982,uA000982,pX000982!
983,1000000983,uA000983,pX000983!
984,1000000984,uA000984,pX000984!
985,1000000985,uA000985,pX000985!
986,1000000986,uA000986,pX000986!
987,1000000987,uA000987,pX000987!
988,1000000988,uA000988,pX000988!
989,1000000989,uA000989,pX000989!
990,1000000990,uA000990,pX000990!
991,1000000991,uA000991,pX000991!
992,1000000992,uA000992,pX000992!
993,1000000993,uA000993,pX000993!
994,1000000994,uA000994,pX000994!
995,1000000995,uA000995,pX000995!
996,1000000996,uA000996,pX000996!
997,1000000997,uA000997,pX000997!
998,1000000998,uA000998,pX000998!
999,1000000999,uA000999,pX000999!
1000,1000001000,uA001000,pX001000!
