1,5234,2025-12-14 08:00:00
2,7821,2025-12-14 08:01:00
3,1932,2025-12-14 08:02:00
4,4500,2025-12-14 08:03:00
5,6789,2025-12-14 08:04:00
6,1200,2025-12-14 08:05:00
7,9800,2025-12-14 08:06:00
8,4350,2025-12-14 08:07:00
9,1122,2025-12-14 08:08:00
10,7788,2025-12-14 08:09:00
11,5566,2025-12-14 08:10:00
12,3344,2025-12-14 08:11:00
13,6677,2025-12-14 08:12:00
14,2181,2025-12-14 14:34:52
15,8899,2025-12-14 08:14:00
16,9900,2025-12-14 08:15:00
17,4501,2025-12-14 08:16:00
18,3200,2025-12-14 08:17:00
19,7600,2025-12-14 08:18:00
20,5800,2025-12-14 08:19:00
21,4900,2025-12-14 08:20:00
22,6700,2025-12-14 08:21:00
23,7100,2025-12-14 08:22:00
24,8300,2025-12-14 08:23:00
25,9200,2025-12-14 08:24:00
26,5400,2025-12-14 08:25:00
27,6100,2025-12-14 08:26:00
28,4700,2025-12-14 08:27:00
29,8800,2025-12-14 08:28:00
30,9900,2025-12-14 08:29:00
31,4300,2025-12-14 08:30:00
32,5600,2025-12-14 08:31:00
33,7700,2025-12-14 08:32:00
34,6500,2025-12-14 08:33:00
35,3400,2025-12-14 08:34:00
36,2100,2025-12-14 08:35:00
37,9900,2025-12-14 08:36:00
38,8800,2025-12-14 08:37:00
39,4500,2025-12-14 08:38:00
40,6700,2025-12-14 08:39:00
41,7800,2025-12-14 08:40:00
42,5600,2025-12-14 08:41:00
43,3400,2025-12-14 08:42:00
44,2200,2025-12-14 08:43:00
45,9900,2025-12-14 08:44:00
46,8800,2025-12-14 08:45:00
47,6700,2025-12-14 08:46:00
48,5400,2025-12-14 08:47:00
49,3300,2025-12-14 08:48:00
50,2100,2025-12-14 08:49:00
51,4321,2025-12-14 08:50:00
52,6543,2025-12-14 08:51:00
53,3210,2025-12-14 08:52:00
54,8765,2025-12-14 08:53:00
55,5432,2025-12-14 08:54:00
56,2109,2025-12-14 08:55:00
57,9876,2025-12-14 08:56:00
58,1098,2025-12-14 08:57:00
59,7654,2025-12-14 08:58:00
60,4320,2025-12-14 08:59:00
61,6540,2025-12-14 09:00:00
62,3211,2025-12-14 09:01:00
63,8760,2025-12-14 09:02:00
64,5431,2025-12-14 09:03:00
65,2102,2025-12-14 09:04:00
66,9870,2025-12-14 09:05:00
67,1099,2025-12-14 09:06:00
68,7650,2025-12-14 09:07:00
69,4322,2025-12-14 09:08:00
70,6541,2025-12-14 09:09:00
71,3212,2025-12-14 09:10:00
72,8761,2025-12-14 09:11:00
73,5433,2025-12-14 09:12:00
74,2103,2025-12-14 09:13:00
75,9871,2025-12-14 09:14:00
76,1100,2025-12-14 09:15:00
77,7651,2025-12-14 09:16:00
78,4323,2025-12-14 09:17:00
79,6542,2025-12-14 09:18:00
80,3213,2025-12-14 09:19:00
81,8762,2025-12-14 09:20:00
82,5434,2025-12-14 09:21:00
83,2104,2025-12-14 09:22:00
84,9872,2025-12-14 09:23:00
85,1101,2025-12-14 09:24:00
86,7652,2025-12-14 09:25:00
87,4324,2025-12-14 09:26:00
88,6543,2025-12-14 09:27:00
89,3214,2025-12-14 09:28:00
90,8763,2025-12-14 09:29:00
91,5435,2025-12-14 09:30:00
92,2105,2025-12-14 09:31:00
93,9873,2025-12-14 09:32:00
94,1102,2025-12-14 09:33:00
95,7653,2025-12-14 09:34:00
96,4325,2025-12-14 09:35:00
97,6544,2025-12-14 09:36:00
98,3215,2025-12-14 09:37:00
99,8764,2025-12-14 09:38:00
100,5436,2025-12-14 09:39:00
101,2106,2025-12-14 09:40:00
102,9874,2025-12-14 09:41:00
103,1103,2025-12-14 09:42:00
104,7654,2025-12-14 09:43:00
105,4326,2025-12-14 09:44:00
106,6545,2025-12-14 09:45:00
107,3216,2025-12-14 09:46:00
108,8765,2025-12-14 09:47:00
109,5437,2025-12-14 09:48:00
110,2107,2025-12-14 09:49:00
111,9875,2025-12-14 09:50:00
112,1104,2025-12-14 09:51:00
113,7655,2025-12-14 09:52:00
114,4327,2025-12-14 09:53:00
115,6546,2025-12-14 09:54:00
116,3217,2025-12-14 09:55:00
117,8766,2025-12-14 09:56:00
118,5438,2025-12-14 09:57:00
119,2108,2025-12-14 09:58:00
120,9876,2025-12-14 09:59:00
121,1105,2025-12-14 10:00:00
122,7656,2025-12-14 10:01:00
123,4328,2025-12-14 10:02:00
124,6547,2025-12-14 10:03:00
125,3218,2025-12-14 10:04:00
126,8767,2025-12-14 10:05:00
127,5439,2025-12-14 10:06:00
128,2109,2025-12-14 10:07:00
129,9877,2025-12-14 10:08:00
130,1106,2025-12-14 10:09:00
131,7657,2025-12-14 10:10:00
132,4329,2025-12-14 10:11:00
133,6548,2025-12-14 10:12:00
134,3219,2025-12-14 10:13:00
135,8768,2025-12-14 10:14:00
136,5440,2025-12-14 10:15:00
137,2110,2025-12-14 10:16:00
138,9878,2025-12-14 10:17:00
139,1107,2025-12-14 10:18:00
140,7658,2025-12-14 10:19:00
141,4330,2025-12-14 10:20:00
142,6549,2025-12-14 10:21:00
143,3220,2025-12-14 10:22:00
144,8769,2025-12-14 10:23:00
145,5441,2025-12-14 10:24:00
146,2111,2025-12-14 10:25:00
147,9879,2025-12-14 10:26:00
148,1108,2025-12-14 10:27:00
149,7659,2025-12-14 10:28:00
150,4331,2025-12-14 10:29:00
151,6550,2025-12-14 10:30:00
152,3221,2025-12-14 10:31:00
153,8770,2025-12-14 10:32:00
154,5442,2025-12-14 10:33:00
155,2112,2025-12-14 10:34:00
156,9880,2025-12-14 10:35:00
157,1109,2025-12-14 10:36:00
158,7660,2025-12-14 10:37:00
159,4332,2025-12-14 10:38:00
160,6551,2025-12-14 10:39:00
161,3222,2025-12-14 10:40:00
162,8771,2025-12-14 10:41:00
163,5443,2025-12-14 10:42:00
164,2113,2025-12-14 10:43:00
165,9881,2025-12-14 10:44:00
166,1110,2025-12-14 10:45:00
167,7661,2025-12-14 10:46:00
168,4333,2025-12-14 10:47:00
169,6552,2025-12-14 10:48:00
170,3223,2025-12-14 10:49:00
171,8772,2025-12-14 10:50:00
172,5444,2025-12-14 10:51:00
173,2114,2025-12-14 10:52:00
174,9882,2025-12-14 10:53:00
175,1111,2025-12-14 10:54:00
176,7662,2025-12-14 10:55:00
177,4334,2025-12-14 10:56:00
178,6553,2025-12-14 10:57:00
179,3224,2025-12-14 10:58:00
180,8773,2025-12-14 10:59:00
181,5445,2025-12-14 11:00:00
182,2115,2025-12-14 11:01:00
183,9883,2025-12-14 11:02:00
184,1112,2025-12-14 11:03:00
185,7663,2025-12-14 11:04:00
186,4335,2025-12-14 11:05:00
187,6554,2025-12-14 11:06:00
188,3225,2025-12-14 11:07:00
189,8774,2025-12-14 11:08:00
190,5446,2025-12-14 11:09:00
191,2116,2025-12-14 11:10:00
192,9884,2025-12-14 11:11:00
193,1113,2025-12-14 11:12:00
194,7664,2025-12-14 11:13:00
195,4336,2025-12-14 11:14:00
196,6555,2025-12-14 11:15:00
197,3226,2025-12-14 11:16:00
198,8775,2025-12-14 11:17:00
199,5447,2025-12-14 11:18:00
200,2117,2025-12-14 11:19:00
201,9885,2025-12-14 11:20:00
202,1114,2025-12-14 11:21:00
203,7665,2025-12-14 11:22:00
204,4337,2025-12-14 11:23:00
205,6556,2025-12-14 11:24:00
206,3227,2025-12-14 11:25:00
207,8776,2025-12-14 11:26:00
208,5448,2025-12-14 11:27:00
209,2118,2025-12-14 11:28:00
210,9886,2025-12-14 11:29:00
211,1115,2025-12-14 11:30:00
212,7666,2025-12-14 11:31:00
213,4338,2025-12-14 11:32:00
214,6557,2025-12-14 11:33:00
215,3228,2025-12-14 11:34:00
216,8777,2025-12-14 11:35:00
217,5449,2025-12-14 11:36:00
218,2119,2025-12-14 11:37:00
219,9887,2025-12-14 11:38:00
220,1116,2025-12-14 11:39:00
221,7667,2025-12-14 11:40:00
222,4339,2025-12-14 11:41:00
223,6558,2025-12-14 11:42:00
224,3229,2025-12-14 11:43:00
225,8778,2025-12-14 11:44:00
226,5450,2025-12-14 11:45:00
227,2120,2025-12-14 11:46:00
228,9888,2025-12-14 11:47:00
229,1117,2025-12-14 11:48:00
230,7668,2025-12-14 11:49:00
231,4340,2025-12-14 11:50:00
232,6559,2025-12-14 11:51:00
233,3230,2025-12-14 11:52:00
234,8779,2025-12-14 11:53:00
235,5451,2025-12-14 11:54:00
236,2121,2025-12-14 11:55:00
237,9889,2025-12-14 11:56:00
238,1118,2025-12-14 11:57:00
239,7669,2025-12-14 11:58:00
240,4341,2025-12-14 11:59:00
241,6560,2025-12-14 12:00:00
242,3231,2025-12-14 12:01:00
243,8780,2025-12-14 12:02:00
244,5452,2025-12-14 12:03:00
245,2122,2025-12-14 12:04:00
246,9890,2025-12-14 12:05:00
247,1119,2025-12-14 12:06:00
248,7670,2025-12-14 12:07:00
249,4342,2025-12-14 12:08:00
250,6561,2025-12-14 12:09:00
251,3232,2025-12-14 12:10:00
252,8781,2025-12-14 12:11:00
253,5453,2025-12-14 12:12:00
254,2123,2025-12-14 12:13:00
255,9891,2025-12-14 12:14:00
256,1120,2025-12-14 12:15:00
257,7671,2025-12-14 12:16:00
258,4343,2025-12-14 12:17:00
259,6562,2025-12-14 12:18:00
260,3233,2025-12-14 12:19:00
261,8782,2025-12-14 12:20:00
262,5454,2025-12-14 12:21:00
263,2124,2025-12-14 12:22:00
264,9892,2025-12-14 12:23:00
265,1121,2025-12-14 12:24:00
266,7672,2025-12-14 12:25:00
267,4344,2025-12-14 12:26:00
268,6563,2025-12-14 12:27:00
269,3234,2025-12-14 12:28:00
270,8783,2025-12-14 12:29:00
271,5455,2025-12-14 12:30:00
272,2125,2025-12-14 12:31:00
273,9893,2025-12-14 12:32:00
274,1122,2025-12-14 12:33:00
275,7673,2025-12-14 12:34:00
276,4345,2025-12-14 12:35:00
277,6564,2025-12-14 12:36:00
278,3235,2025-12-14 12:37:00
279,8784,2025-12-14 12:38:00
280,5456,2025-12-14 12:39:00
281,2126,2025-12-14 12:40:00
282,9894,2025-12-14 12:41:00
283,1123,2025-12-14 12:42:00
284,7674,2025-12-14 12:43:00
285,4346,2025-12-14 12:44:00
286,6565,2025-12-14 12:45:00
287,3236,2025-12-14 12:46:00
288,8785,2025-12-14 12:47:00
289,5457,2025-12-14 12:48:00
290,2127,2025-12-14 12:49:00
291,9895,2025-12-14 12:50:00
292,1124,2025-12-14 12:51:00
293,7675,2025-12-14 12:52:00
294,4347,2025-12-14 12:53:00
295,6566,2025-12-14 12:54:00
296,3237,2025-12-14 12:55:00
297,8786,2025-12-14 12:56:00
298,5458,2025-12-14 12:57:00
299,2128,2025-12-14 12:58:00
300,9896,2025-12-14 12:59:00
301,1125,2025-12-14 13:00:00
302,7676,2025-12-14 13:01:00
303,4348,2025-12-14 13:02:00
304,6567,2025-12-14 13:03:00
305,3238,2025-12-14 13:04:00
306,8787,2025-12-14 13:05:00
307,5459,2025-12-14 13:06:00
308,2129,2025-12-14 13:07:00
309,9897,2025-12-14 13:08:00
310,1126,2025-12-14 13:09:00
311,7677,2025-12-14 13:10:00
312,4349,2025-12-14 13:11:00
313,6568,2025-12-14 13:12:00
314,3239,2025-12-14 13:13:00
315,8788,2025-12-14 13:14:00
316,5460,2025-12-14 13:15:00
317,2130,2025-12-14 13:16:00
318,9898,2025-12-14 13:17:00
319,1127,2025-12-14 13:18:00
320,7678,2025-12-14 13:19:00
321,4350,2025-12-14 13:20:00
322,6569,2025-12-14 13:21:00
323,3240,2025-12-14 13:22:00
324,8789,2025-12-14 13:23:00
325,5461,2025-12-14 13:24:00
326,2131,2025-12-14 13:25:00
327,9899,2025-12-14 13:26:00
328,1128,2025-12-14 13:27:00
329,7679,2025-12-14 13:28:00
330,4351,2025-12-14 13:29:00
331,6570,2025-12-14 13:30:00
332,3241,2025-12-14 13:31:00
333,8790,2025-12-14 13:32:00
334,5462,2025-12-14 13:33:00
335,2132,2025-12-14 13:34:00
336,9900,2025-12-14 13:35:00
337,1129,2025-12-14 13:36:00
338,7680,2025-12-14 13:37:00
339,4352,2025-12-14 13:38:00
340,6571,2025-12-14 13:39:00
341,3242,2025-12-14 13:40:00
342,8791,2025-12-14 13:41:00
343,5463,2025-12-14 13:42:00
344,2133,2025-12-14 13:43:00
345,9901,2025-12-14 13:44:00
346,1130,2025-12-14 13:45:00
347,7681,2025-12-14 13:46:00
348,4353,2025-12-14 13:47:00
349,6572,2025-12-14 13:48:00
350,3243,2025-12-14 13:49:00
351,8792,2025-12-14 13:50:00
352,5464,2025-12-14 13:51:00
353,2134,2025-12-14 13:52:00
354,9902,2025-12-14 13:53:00
355,1131,2025-12-14 13:54:00
356,7682,2025-12-14 13:55:00
357,4354,2025-12-14 13:56:00
358,6573,2025-12-14 13:57:00
359,3244,2025-12-14 13:58:00
360,8793,2025-12-14 13:59:00
361,5465,2025-12-14 14:00:00
362,2135,2025-12-14 14:01:00
363,9903,2025-12-14 14:02:00
364,1132,2025-12-14 14:03:00
365,7683,2025-12-14 14:04:00
366,4355,2025-12-14 14:05:00
367,6574,2025-12-14 14:06:00
368,3245,2025-12-14 14:07:00
369,8794,2025-12-14 14:08:00
370,5466,2025-12-14 14:09:00
371,2136,2025-12-14 14:10:00
372,9904,2025-12-14 14:11:00
373,1133,2025-12-14 14:12:00
374,7684,2025-12-14 14:13:00
375,4356,2025-12-14 14:14:00
376,6575,2025-12-14 14:15:00
377,3246,2025-12-14 14:16:00
378,8795,2025-12-14 14:17:00
379,5467,2025-12-14 14:18:00
380,2137,2025-12-14 14:19:00
381,9905,2025-12-14 14:20:00
382,1134,2025-12-14 14:21:00
383,7685,2025-12-14 14:22:00
384,4357,2025-12-14 14:23:00
385,6576,2025-12-14 14:24:00
386,3247,2025-12-14 14:25:00
387,8796,2025-12-14 14:26:00
388,5468,2025-12-14 14:27:00
389,2138,2025-12-14 14:28:00
390,9906,2025-12-14 14:29:00
391,1135,2025-12-14 14:30:00
392,7686,2025-12-14 14:31:00
393,4358,2025-12-14 14:32:00
394,6577,2025-12-14 14:33:00
395,3248,2025-12-14 14:34:00
396,8797,2025-12-14 14:35:00
397,5469,2025-12-14 14:36:00
398,2139,2025-12-14 14:37:00
399,9907,2025-12-14 14:38:00
400,1136,2025-12-14 14:39:00
401,7687,2025-12-14 14:40:00
402,4359,2025-12-14 14:41:00
403,6578,2025-12-14 14:42:00
404,3249,2025-12-14 14:43:00
405,8798,2025-12-14 14:44:00
406,5470,2025-12-14 14:45:00
407,2140,2025-12-14 14:46:00
408,9908,2025-12-14 14:47:00
409,1137,2025-12-14 14:48:00
410,7688,2025-12-14 14:49:00
411,4360,2025-12-14 14:50:00
412,6579,2025-12-14 14:51:00
413,3250,2025-12-14 14:52:00
414,8799,2025-12-14 14:53:00
415,5471,2025-12-14 14:54:00
416,2141,2025-12-14 14:55:00
417,9909,2025-12-14 14:56:00
418,1138,2025-12-14 14:57:00
419,7689,2025-12-14 14:58:00
420,4361,2025-12-14 14:59:00
421,6580,2025-12-14 15:00:00
422,3251,2025-12-14 15:01:00
423,8800,2025-12-14 15:02:00
424,5472,2025-12-14 15:03:00
425,2142,2025-12-14 15:04:00
426,9910,2025-12-14 15:05:00
427,1139,2025-12-14 15:06:00
428,7690,2025-12-14 15:07:00
429,4362,2025-12-14 15:08:00
430,6581,2025-12-14 15:09:00
431,3252,2025-12-14 15:10:00
432,8801,2025-12-14 15:11:00
433,5473,2025-12-14 15:12:00
434,2143,2025-12-14 15:13:00
435,9911,2025-12-14 15:14:00
436,1140,2025-12-14 15:15:00
437,7691,2025-12-14 15:16:00
438,4363,2025-12-14 15:17:00
439,6582,2025-12-14 15:18:00
440,3253,2025-12-14 15:19:00
441,8802,2025-12-14 15:20:00
442,5474,2025-12-14 15:21:00
443,2144,2025-12-14 15:22:00
444,9912,2025-12-14 15:23:00
445,1141,2025-12-14 15:24:00
446,7692,2025-12-14 15:25:00
447,4364,2025-12-14 15:26:00
448,6583,2025-12-14 15:27:00
449,3254,2025-12-14 15:28:00
450,8803,2025-12-14 15:29:00
451,5475,2025-12-14 15:30:00
452,2145,2025-12-14 15:31:00
453,9913,2025-12-14 15:32:00
454,1142,2025-12-14 15:33:00
455,7693,2025-12-14 15:34:00
456,4365,2025-12-14 15:35:00
457,6584,2025-12-14 15:36:00
458,3255,2025-12-14 15:37:00
459,8804,2025-12-14 15:38:00
460,5476,2025-12-14 15:39:00
461,2146,2025-12-14 15:40:00
462,9914,2025-12-14 15:41:00
463,1143,2025-12-14 15:42:00
464,7694,2025-12-14 15:43:00
465,4366,2025-12-14 15:44:00
466,6585,2025-12-14 15:45:00
467,3256,2025-12-14 15:46:00
468,8805,2025-12-14 15:47:00
469,5477,2025-12-14 15:48:00
470,2147,2025-12-14 15:49:00
471,9915,2025-12-14 15:50:00
472,1144,2025-12-14 15:51:00
473,7695,2025-12-14 15:52:00
474,4367,2025-12-14 15:53:00
475,6586,2025-12-14 15:54:00
476,3257,2025-12-14 15:55:00
477,8806,2025-12-14 15:56:00
478,5478,2025-12-14 15:57:00
479,2148,2025-12-14 15:58:00
480,9916,2025-12-14 15:59:00
481,1145,2025-12-14 16:00:00
482,7696,2025-12-14 16:01:00
483,4368,2025-12-14 16:02:00
484,6587,2025-12-14 16:03:00
485,3258,2025-12-14 16:04:00
486,8807,2025-12-14 16:05:00
487,5479,2025-12-14 16:06:00
488,2149,2025-12-14 16:07:00
489,9917,2025-12-14 16:08:00
490,1146,2025-12-14 16:09:00
491,7697,2025-12-14 16:10:00
492,4369,2025-12-14 16:11:00
493,6588,2025-12-14 16:12:00
494,3259,2025-12-14 16:13:00
495,8808,2025-12-14 16:14:00
496,5480,2025-12-14 16:15:00
497,2150,2025-12-14 16:16:00
498,9918,2025-12-14 16:17:00
499,1147,2025-12-14 16:18:00
500,7698,2025-12-14 16:19:00
501,4370,2025-12-14 16:20:00
502,6589,2025-12-14 16:21:00
503,3260,2025-12-14 16:22:00
504,8809,2025-12-14 16:23:00
505,5481,2025-12-14 16:24:00
506,2151,2025-12-14 16:25:00
507,9919,2025-12-14 16:26:00
508,1148,2025-12-14 16:27:00
509,7699,2025-12-14 16:28:00
510,4371,2025-12-14 16:29:00
511,6590,2025-12-14 16:30:00
512,3261,2025-12-14 16:31:00
513,8810,2025-12-14 16:32:00
514,5482,2025-12-14 16:33:00
515,2152,2025-12-14 16:34:00
516,9920,2025-12-14 16:35:00
517,1149,2025-12-14 16:36:00
518,7700,2025-12-14 16:37:00
519,4372,2025-12-14 16:38:00
520,6591,2025-12-14 16:39:00
521,3262,2025-12-14 16:40:00
522,8811,2025-12-14 16:41:00
523,5483,2025-12-14 16:42:00
524,2153,2025-12-14 16:43:00
525,9921,2025-12-14 16:44:00
526,1150,2025-12-14 16:45:00
527,7701,2025-12-14 16:46:00
528,4373,2025-12-14 16:47:00
529,6592,2025-12-14 16:48:00
530,3263,2025-12-14 16:49:00
531,8812,2025-12-14 16:50:00
532,5484,2025-12-14 16:51:00
533,2154,2025-12-14 16:52:00
534,9922,2025-12-14 16:53:00
535,1151,2025-12-14 16:54:00
536,7702,2025-12-14 16:55:00
537,4374,2025-12-14 16:56:00
538,6593,2025-12-14 16:57:00
539,3264,2025-12-14 16:58:00
540,8813,2025-12-14 16:59:00
541,5485,2025-12-14 17:00:00
542,2155,2025-12-14 17:01:00
543,9923,2025-12-14 17:02:00
544,1152,2025-12-14 17:03:00
545,7703,2025-12-14 17:04:00
546,4375,2025-12-14 17:05:00
547,6594,2025-12-14 17:06:00
548,3265,2025-12-14 17:07:00
549,8814,2025-12-14 17:08:00
550,5486,2025-12-14 17:09:00
551,2156,2025-12-14 17:10:00
552,9924,2025-12-14 17:11:00
553,1153,2025-12-14 17:12:00
554,7704,2025-12-14 17:13:00
555,4376,2025-12-14 17:14:00
556,6595,2025-12-14 17:15:00
557,3266,2025-12-14 17:16:00
558,8815,2025-12-14 17:17:00
559,5487,2025-12-14 17:18:00
560,2157,2025-12-14 17:19:00
561,9925,2025-12-14 17:20:00
562,1154,2025-12-14 17:21:00
563,7705,2025-12-14 17:22:00
564,4377,2025-12-14 17:23:00
565,6596,2025-12-14 17:24:00
566,3267,2025-12-14 17:25:00
567,8816,2025-12-14 17:26:00
568,5488,2025-12-14 17:27:00
569,2158,2025-12-14 17:28:00
570,9926,2025-12-14 17:29:00
571,1155,2025-12-14 17:30:00
572,7706,2025-12-14 17:31:00
573,4378,2025-12-14 17:32:00
574,6597,2025-12-14 17:33:00
575,3268,2025-12-14 17:34:00
576,8817,2025-12-14 17:35:00
577,5489,2025-12-14 17:36:00
578,2159,2025-12-14 17:37:00
579,9927,2025-12-14 17:38:00
580,1156,2025-12-14 17:39:00
581,7707,2025-12-14 17:40:00
582,4379,2025-12-14 17:41:00
583,6598,2025-12-14 17:42:00
584,3269,2025-12-14 17:43:00
585,8818,2025-12-14 17:44:00
586,5490,2025-12-14 17:45:00
587,2160,2025-12-14 17:46:00
588,9928,2025-12-14 17:47:00
589,1157,2025-12-14 17:48:00
590,7708,2025-12-14 17:49:00
591,4380,2025-12-14 17:50:00
592,6599,2025-12-14 17:51:00
593,3270,2025-12-14 17:52:00
594,8819,2025-12-14 17:53:00
595,5491,2025-12-14 17:54:00
596,2161,2025-12-14 17:55:00
597,9929,2025-12-14 17:56:00
598,1158,2025-12-14 17:57:00
599,7709,2025-12-14 17:58:00
600,4381,2025-12-14 17:59:00
601,6600,2025-12-14 18:00:00
602,3271,2025-12-14 18:01:00
603,8820,2025-12-14 18:02:00
604,5492,2025-12-14 18:03:00
605,2162,2025-12-14 18:04:00
606,9930,2025-12-14 18:05:00
607,1159,2025-12-14 18:06:00
608,7710,2025-12-14 18:07:00
609,4382,2025-12-14 18:08:00
610,6601,2025-12-14 18:09:00
611,3272,2025-12-14 18:10:00
612,8821,2025-12-14 18:11:00
613,5493,2025-12-14 18:12:00
614,2163,2025-12-14 18:13:00
615,9931,2025-12-14 18:14:00
616,1160,2025-12-14 18:15:00
617,7711,2025-12-14 18:16:00
618,4383,2025-12-14 18:17:00
619,6602,2025-12-14 18:18:00
620,3273,2025-12-14 18:19:00
621,8822,2025-12-14 18:20:00
622,5494,2025-12-14 18:21:00
623,2164,2025-12-14 18:22:00
624,9932,2025-12-14 18:23:00
625,1161,2025-12-14 18:24:00
626,7712,2025-12-14 18:25:00
627,4384,2025-12-14 18:26:00
628,6603,2025-12-14 18:27:00
629,3274,2025-12-14 18:28:00
630,8823,2025-12-14 18:29:00
631,5495,2025-12-14 18:30:00
632,2165,2025-12-14 18:31:00
633,9933,2025-12-14 18:32:00
634,1162,2025-12-14 18:33:00
635,7713,2025-12-14 18:34:00
636,4385,2025-12-14 18:35:00
637,6604,2025-12-14 18:36:00
638,3275,2025-12-14 18:37:00
639,8824,2025-12-14 18:38:00
640,5496,2025-12-14 18:39:00
641,2166,2025-12-14 18:40:00
642,9934,2025-12-14 18:41:00
643,1163,2025-12-14 18:42:00
644,7714,2025-12-14 18:43:00
645,4386,2025-12-14 18:44:00
646,6605,2025-12-14 18:45:00
647,3276,2025-12-14 18:46:00
648,8825,2025-12-14 18:47:00
649,5497,2025-12-14 18:48:00
650,2167,2025-12-14 18:49:00
651,9935,2025-12-14 18:50:00
652,1164,2025-12-14 18:51:00
653,7715,2025-12-14 18:52:00
654,4387,2025-12-14 18:53:00
655,6606,2025-12-14 18:54:00
656,3277,2025-12-14 18:55:00
657,8826,2025-12-14 18:56:00
658,5498,2025-12-14 18:57:00
659,2168,2025-12-14 18:58:00
660,9936,2025-12-14 18:59:00
661,1165,2025-12-14 19:00:00
662,7716,2025-12-14 19:01:00
663,4388,2025-12-14 19:02:00
664,6607,2025-12-14 19:03:00
665,3278,2025-12-14 19:04:00
666,8827,2025-12-14 19:05:00
667,5499,2025-12-14 19:06:00
668,2169,2025-12-14 19:07:00
669,9937,2025-12-14 19:08:00
670,1166,2025-12-14 19:09:00
671,7717,2025-12-14 19:10:00
672,4389,2025-12-14 19:11:00
673,6608,2025-12-14 19:12:00
674,3279,2025-12-14 19:13:00
675,8828,2025-12-14 19:14:00
676,5500,2025-12-14 19:15:00
677,2170,2025-12-14 19:16:00
678,9938,2025-12-14 19:17:00
679,1167,2025-12-14 19:18:00
680,7718,2025-12-14 19:19:00
681,4390,2025-12-14 19:20:00
682,6609,2025-12-14 19:21:00
683,3280,2025-12-14 19:22:00
684,8829,2025-12-14 19:23:00
685,5501,2025-12-14 19:24:00
686,2171,2025-12-14 19:25:00
687,9939,2025-12-14 19:26:00
688,1168,2025-12-14 19:27:00
689,7719,2025-12-14 19:28:00
690,4391,2025-12-14 19:29:00
691,6610,2025-12-14 19:30:00
692,3281,2025-12-14 19:31:00
693,8830,2025-12-14 19:32:00
694,5502,2025-12-14 19:33:00
695,2172,2025-12-14 19:34:00
696,9940,2025-12-14 19:35:00
697,1169,2025-12-14 19:36:00
698,7720,2025-12-14 19:37:00
699,4392,2025-12-14 19:38:00
700,6611,2025-12-14 19:39:00
701,3282,2025-12-14 19:40:00
702,8831,2025-12-14 19:41:00
703,5503,2025-12-14 19:42:00
704,2173,2025-12-14 19:43:00
705,9941,2025-12-14 19:44:00
706,1170,2025-12-14 19:45:00
707,7721,2025-12-14 19:46:00
708,4393,2025-12-14 19:47:00
709,6612,2025-12-14 19:48:00
710,3283,2025-12-14 19:49:00
711,8832,2025-12-14 19:50:00
712,5504,2025-12-14 19:51:00
713,2174,2025-12-14 19:52:00
714,9942,2025-12-14 19:53:00
715,1171,2025-12-14 19:54:00
716,7722,2025-12-14 19:55:00
717,4394,2025-12-14 19:56:00
718,6613,2025-12-14 19:57:00
719,3284,2025-12-14 19:58:00
720,8833,2025-12-14 19:59:00
721,5505,2025-12-14 20:00:00
722,2175,2025-12-14 20:01:00
723,9943,2025-12-14 20:02:00
724,1172,2025-12-14 20:03:00
725,7723,2025-12-14 20:04:00
726,4395,2025-12-14 20:05:00
727,6614,2025-12-14 20:06:00
728,3285,2025-12-14 20:07:00
729,8834,2025-12-14 20:08:00
730,5506,2025-12-14 20:09:00
731,2176,2025-12-14 20:10:00
732,9944,2025-12-14 20:11:00
733,1173,2025-12-14 20:12:00
734,7724,2025-12-14 20:13:00
735,4396,2025-12-14 20:14:00
736,6615,2025-12-14 20:15:00
737,3286,2025-12-14 20:16:00
738,8835,2025-12-14 20:17:00
739,5507,2025-12-14 20:18:00
740,2177,2025-12-14 20:19:00
741,9945,2025-12-14 20:20:00
742,1174,2025-12-14 20:21:00
743,7725,2025-12-14 20:22:00
744,4397,2025-12-14 20:23:00
745,6616,2025-12-14 20:24:00
746,3287,2025-12-14 20:25:00
747,8836,2025-12-14 20:26:00
748,5508,2025-12-14 20:27:00
749,2178,2025-12-14 20:28:00
750,9946,2025-12-14 20:29:00
751,1175,2025-12-14 20:30:00
752,7726,2025-12-14 20:31:00
753,4398,2025-12-14 20:32:00
754,6617,2025-12-14 20:33:00
755,3288,2025-12-14 20:34:00
756,8837,2025-12-14 20:35:00
757,5509,2025-12-14 20:36:00
758,2179,2025-12-14 20:37:00
759,9947,2025-12-14 20:38:00
760,1176,2025-12-14 20:39:00
761,7727,2025-12-14 20:40:00
762,4399,2025-12-14 20:41:00
763,6618,2025-12-14 20:42:00
764,3289,2025-12-14 20:43:00
765,8838,2025-12-14 20:44:00
766,5510,2025-12-14 20:45:00
767,2180,2025-12-14 20:46:00
768,9948,2025-12-14 20:47:00
769,1177,2025-12-14 20:48:00
770,7728,2025-12-14 20:49:00
771,4400,2025-12-14 20:50:00
772,6619,2025-12-14 20:51:00
773,3290,2025-12-14 20:52:00
774,8839,2025-12-14 20:53:00
775,5511,2025-12-14 20:54:00
776,2181,2025-12-14 20:55:00
777,9949,2025-12-14 20:56:00
778,1178,2025-12-14 20:57:00
779,7729,2025-12-14 20:58:00
780,4401,2025-12-14 20:59:00
781,6620,2025-12-14 21:00:00
782,3291,2025-12-14 21:01:00
783,8840,2025-12-14 21:02:00
784,5512,2025-12-14 21:03:00
785,2182,2025-12-14 21:04:00
786,9950,2025-12-14 21:05:00
787,1179,2025-12-14 21:06:00
788,7730,2025-12-14 21:07:00
789,4402,2025-12-14 21:08:00
790,6621,2025-12-14 21:09:00
791,3292,2025-12-14 21:10:00
792,8841,2025-12-14 21:11:00
793,5513,2025-12-14 21:12:00
794,2183,2025-12-14 21:13:00
795,9951,2025-12-14 21:14:00
796,1180,2025-12-14 21:15:00
797,7731,2025-12-14 21:16:00
798,4403,2025-12-14 21:17:00
799,6622,2025-12-14 21:18:00
800,3293,2025-12-14 21:19:00
801,8842,2025-12-14 21:20:00
802,5514,2025-12-14 21:21:00
803,2184,2025-12-14 21:22:00
804,9952,2025-12-14 21:23:00
805,1181,2025-12-14 21:24:00
806,7732,2025-12-14 21:25:00
807,4404,2025-12-14 21:26:00
808,6623,2025-12-14 21:27:00
809,3294,2025-12-14 21:28:00
810,8843,2025-12-14 21:29:00
811,5515,2025-12-14 21:30:00
812,2185,2025-12-14 21:31:00
813,9953,2025-12-14 21:32:00
814,1182,2025-12-14 21:33:00
815,7733,2025-12-14 21:34:00
816,4405,2025-12-14 21:35:00
817,6624,2025-12-14 21:36:00
818,3295,2025-12-14 21:37:00
819,8844,2025-12-14 21:38:00
820,5516,2025-12-14 21:39:00
821,2186,2025-12-14 21:40:00
822,9954,2025-12-14 21:41:00
823,1183,2025-12-14 21:42:00
824,7734,2025-12-14 21:43:00
825,4406,2025-12-14 21:44:00
826,6625,2025-12-14 21:45:00
827,3296,2025-12-14 21:46:00
828,8845,2025-12-14 21:47:00
829,5517,2025-12-14 21:48:00
830,2187,2025-12-14 21:49:00
831,9955,2025-12-14 21:50:00
832,1184,2025-12-14 21:51:00
833,7735,2025-12-14 21:52:00
834,4407,2025-12-14 21:53:00
835,6626,2025-12-14 21:54:00
836,3297,2025-12-14 21:55:00
837,8846,2025-12-14 21:56:00
838,5518,2025-12-14 21:57:00
839,2188,2025-12-14 21:58:00
840,9956,2025-12-14 21:59:00
841,1185,2025-12-14 22:00:00
842,7736,2025-12-14 22:01:00
843,4408,2025-12-14 22:02:00
844,6627,2025-12-14 22:03:00
845,3298,2025-12-14 22:04:00
846,8847,2025-12-14 22:05:00
847,5519,2025-12-14 22:06:00
848,2189,2025-12-14 22:07:00
849,9957,2025-12-14 22:08:00
850,1186,2025-12-14 22:09:00
851,7737,2025-12-14 22:10:00
852,4409,2025-12-14 22:11:00
853,6628,2025-12-14 22:12:00
854,3299,2025-12-14 22:13:00
855,8848,2025-12-14 22:14:00
856,5520,2025-12-14 22:15:00
857,2190,2025-12-14 22:16:00
858,9958,2025-12-14 22:17:00
859,1187,2025-12-14 22:18:00
860,7738,2025-12-14 22:19:00
861,4410,2025-12-14 22:20:00
862,6629,2025-12-14 22:21:00
863,3300,2025-12-14 22:22:00
864,8849,2025-12-14 22:23:00
865,5521,2025-12-14 22:24:00
866,2191,2025-12-14 22:25:00
867,9959,2025-12-14 22:26:00
868,1188,2025-12-14 22:27:00
869,7739,2025-12-14 22:28:00
870,4411,2025-12-14 22:29:00
871,6630,2025-12-14 22:30:00
872,3301,2025-12-14 22:31:00
873,8850,2025-12-14 22:32:00
874,5522,2025-12-14 22:33:00
875,2192,2025-12-14 22:34:00
876,9960,2025-12-14 22:35:00
877,1189,2025-12-14 22:36:00
878,7740,2025-12-14 22:37:00
879,4412,2025-12-14 22:38:00
880,6631,2025-12-14 22:39:00
881,3302,2025-12-14 22:40:00
882,8851,2025-12-14 22:41:00
883,5523,2025-12-14 22:42:00
884,2193,2025-12-14 22:43:00
885,9961,2025-12-14 22:44:00
886,1190,2025-12-14 22:45:00
887,7741,2025-12-14 22:46:00
888,4413,2025-12-14 22:47:00
889,6632,2025-12-14 22:48:00
890,3303,2025-12-14 22:49:00
891,8852,2025-12-14 22:50:00
892,5524,2025-12-14 22:51:00
893,2194,2025-12-14 22:52:00
894,9962,2025-12-14 22:53:00
895,1191,2025-12-14 22:54:00
896,7742,2025-12-14 22:55:00
897,4414,2025-12-14 22:56:00
898,6633,2025-12-14 22:57:00
899,3304,2025-12-14 22:58:00
900,8853,2025-12-14 22:59:00
901,5525,2025-12-14 23:00:00
902,2195,2025-12-14 23:01:00
903,9963,2025-12-14 23:02:00
904,1192,2025-12-14 23:03:00
905,7743,2025-12-14 23:04:00
906,4415,2025-12-14 23:05:00
907,6634,2025-12-14 23:06:00
908,3305,2025-12-14 23:07:00
909,8854,2025-12-14 23:08:00
910,5526,2025-12-14 23:09:00
911,2196,2025-12-14 23:10:00
912,9964,2025-12-14 23:11:00
913,1193,2025-12-14 23:12:00
914,7744,2025-12-14 23:13:00
915,4416,2025-12-14 23:14:00
916,6635,2025-12-14 23:15:00
917,3306,2025-12-14 23:16:00
918,8855,2025-12-14 23:17:00
919,5527,2025-12-14 23:18:00
920,2197,2025-12-14 23:19:00
921,9965,2025-12-14 23:20:00
922,1194,2025-12-14 23:21:00
923,7745,2025-12-14 23:22:00
924,4417,2025-12-14 23:23:00
925,6636,2025-12-14 23:24:00
926,3307,2025-12-14 23:25:00
927,8856,2025-12-14 23:26:00
928,5528,2025-12-14 23:27:00
929,2198,2025-12-14 23:28:00
930,9966,2025-12-14 23:29:00
931,1195,2025-12-14 23:30:00
932,7746,2025-12-14 23:31:00
933,4418,2025-12-14 23:32:00
934,6637,2025-12-14 23:33:00
935,3308,2025-12-14 23:34:00
936,8857,2025-12-14 23:35:00
937,5529,2025-12-14 23:36:00
938,2199,2025-12-14 23:37:00
939,9967,2025-12-14 23:38:00
940,1196,2025-12-14 23:39:00
941,7747,2025-12-14 23:40:00
942,4419,2025-12-14 23:41:00
943,6638,2025-12-14 23:42:00
944,3309,2025-12-14 23:43:00
945,8858,2025-12-14 23:44:00
946,5530,2025-12-14 23:45:00
947,2200,2025-12-14 23:46:00
948,9968,2025-12-14 23:47:00
949,1197,2025-12-14 23:48:00
950,7748,2025-12-14 23:49:00
951,4420,2025-12-14 23:50:00
952,6639,2025-12-14 23:51:00
953,3310,2025-12-14 23:52:00
954,8859,2025-12-14 23:53:00
955,5531,2025-12-14 23:54:00
956,2201,2025-12-14 23:55:00
957,9969,2025-12-14 23:56:00
958,1198,2025-12-14 23:57:00
959,7749,2025-12-14 23:58:00
960,4421,2025-12-14 23:59:00
961,6640,2025-12-15 00:00:00
962,3311,2025-12-15 00:01:00
963,8860,2025-12-15 00:02:00
964,5532,2025-12-15 00:03:00
965,2202,2025-12-15 00:04:00
966,9970,2025-12-15 00:05:00
967,1199,2025-12-15 00:06:00
968,7750,2025-12-15 00:07:00
969,4422,2025-12-15 00:08:00
970,6641,2025-12-15 00:09:00
971,3312,2025-12-15 00:10:00
972,8861,2025-12-15 00:11:00
973,5533,2025-12-15 00:12:00
974,2203,2025-12-15 00:13:00
975,9971,2025-12-15 00:14:00
976,1200,2025-12-15 00:15:00
977,7751,2025-12-15 00:16:00
978,4423,2025-12-15 00:17:00
979,6642,2025-12-15 00:18:00
980,3313,2025-12-15 00:19:00
981,8862,2025-12-15 00:20:00
982,5534,2025-12-15 00:21:00
983,2204,2025-12-15 00:22:00
984,9972,2025-12-15 00:23:00
985,1201,2025-12-15 00:24:00
986,7752,2025-12-15 00:25:00
987,4424,2025-12-15 00:26:00
988,6643,2025-12-15 00:27:00
989,3314,2025-12-15 00:28:00
990,8863,2025-12-15 00:29:00
991,5535,2025-12-15 00:30:00
992,2205,2025-12-15 00:31:00
993,9973,2025-12-15 00:32:00
994,1202,2025-12-15 00:33:00
995,7753,2025-12-15 00:34:00
996,4425,2025-12-15 00:35:00
997,6644,2025-12-15 00:36:00
998,3315,2025-12-15 00:37:00
999,8864,2025-12-15 00:38:00
1000,5536,2025-12-15 00:39:00
